{"cameraMode":{"drawMode":0,"name":"Shaded","section":"Shading Mode"},"sceneLighting":true,"audioPlay":false,"sceneViewState":{"showFog":false,"showMaterialUpdate":false,"showSkybox":false,"showFlares":false,"showImageEffects":true,"showParticleSystems":true},"in2DMode":false,"pivot":{"x":249.63790893554688,"y":288.86932373046877,"z":9.059348106384278},"rotation":{"x":0.027853669598698617,"y":0.053952962160110477,"z":-0.001505473512224853,"w":0.9981570839881897},"size":451.8362121582031,"orthographic":true}